ref,name,x,y,rank,source,cartography_reference,reserve_generated_slot
the_angle,The Angle,0.475000,0.270000,refuge,† ENDORE plan 8.1; seat of the Rangers inferred from their Angle settlement,Reconciled: Angle between Mitheithel and Bruinen
blue_halls,Halls of Ered Luin,0.291610,0.177552,hold,† ENDORE plan 8.1; composite of surviving Blue Mountain dwarf-halls,ArdaCraft: Thorin's Hall proxy for surviving Ered Luin halls
iron_hills,Iron Hills,0.674452,0.157541,hold,"The Hobbit, Ch. 17",Arda Maps: Iron Mountains / Iron Hills label
woodmen_hall,Woodmen's Hall,0.562000,0.300000,town,† ENDORE plan 8.1; political seat invented for the Woodmen,Judgment: western Mirkwood Woodmen seat
wellinghall,Wellinghall,0.486310,0.455926,refuge,"LOTR, Book III, Ch. 4",ArdaCraft: Derndingle
ghans_glade,Ghân's Glade,0.564274,0.589602,refuge,† seat invented because canon gives the Drúedain no capital,ArdaCraft: Drúadan Forest
forochel_camp,Forochel Camp,0.341880,0.065462,camp,† seasonal seat invented for the Lossoth polity,Judgment: nearest playable Icebay shore on the source-pinned Forochel coast
rhosgobel,Rhosgobel,0.568634,0.282489,refuge,LOTR map,ArdaCraft: Rhosgobel
harnenhold,Harnenhold,0.638867,0.793325,city,† seat invented from the River Harnen border,Arda Maps: River Harnen
qarsad,Qarsad,0.675000,0.870000,city,† Haradrim city-king's seat invented for southern political texture,Judgment: unnamed inland Harad seat
mumak_gate,Mûmak Gate,0.585000,0.955000,city,† seat invented for the on-map Far Harad fringe,Judgment: on-map Far Harad fringe
khazan,Khazân,0.755180,0.738426,city,† Variag seat invented from the canon seed Khand,Arda Maps: Khand label
burh_gath,Burh Gath,0.770000,0.250000,city,† Rhûnic seat invented from Balchoth and Wainrider registers,Judgment: western Rhûn at the source Rhûn label
wainhold,Wainhold,0.800000,0.350000,city,† seat invented for a wain-kingdom,Judgment: southeastern Rhûn beyond the Sea of Rhûn
eastern_march,Eastern March,0.820000,0.200000,city,† seat invented for the Sagath confederation,Judgment: eastern edge of represented Rhûn
dunland_moot,Dunland Moot,0.431851,0.465747,town,† political seat invented because canon gives Dunland no capital,Arda Maps: Dunland label
mount_gram,Mount Gram,0.448000,0.145000,hold,"LOTR, Book I, Ch. 1",Judgment: Mount Gram within northern Eriador
tharbad,Tharbad,0.422821,0.340107,ruin,"LOTR, Appendix A",ArdaCraft: Tharbad
ost_in_edhil,Ost-in-Edhil,0.464116,0.340665,ruin,"LOTR, Appendix B; The Silmarillion, Of the Rings of Power",ArdaCraft: Ost-in-Edhil
lond_daer,Lond Daer,0.380258,0.426279,ruin,"Unfinished Tales, The History of Galadriel and Celeborn",ArdaCraft: Lond Daer
methedras,Methedras,0.464945,0.440583,landmark,"LOTR, Book III, Ch. 9",Arda Maps: Methedras
derndingle,Derndingle,0.486310,0.455926,refuge,"LOTR, Book III, Ch. 4",ArdaCraft: Derndingle
celebrant,Field of Celebrant,0.539941,0.413770,landmark,"LOTR, Appendix A",ArdaCraft: Parth Celebrant
rauros,Rauros,0.559345,0.525589,landmark,"LOTR, Book II, Ch. 9",ArdaCraft: Falls of Rauros
amon_hen,Amon Hen,0.558624,0.526333,ruin,"LOTR, Book II, Ch. 10",ArdaCraft: Amon Hen
amon_lhaw,Amon Lhaw,0.560159,0.524287,ruin,"LOTR, Book II, Ch. 9",ArdaCraft: Amon Lhaw
argonauth,The Argonath,0.555962,0.507708,ruin,"LOTR, Book II, Ch. 9",ArdaCraft: Argonath
cair_andros,Cair Andros,0.589875,0.579766,fortress,"LOTR, Book V, Ch. 4",ArdaCraft: Cair Andros
henneth_annun,Henneth Annûn,0.596165,0.571233,refuge,"LOTR, Book IV, Ch. 5",ArdaCraft: Henneth Annûn
emyn_arnen,Emyn Arnen,0.596503,0.619098,landmark,"LOTR, Book V, Ch. 8",Arda Maps: Emyn Arnen label
cross_roads,The Cross-roads,0.600000,0.605000,ruin,"LOTR, Book IV, Ch. 7",Reconciled: Osgiliath–Minas Morgul road junction
cirith_ungol,Cirith Ungol,0.611674,0.581510,fortress,"LOTR, Book IV, Ch. 8",ArdaCraft: Cirith Ungol
shelobs_lair,Shelob's Lair,0.604317,0.593614,ruin,"LOTR, Book IV, Ch. 9",Arda Maps: Shelob's Lair
durthang,Durthang,0.596538,0.553874,fortress,LOTR map,Arda Maps: Durthang
narchost,Narchost,0.606500,0.529500,fortress,"LOTR, Book V, Ch. 10",Reconciled: western Tower of the Teeth at Morannon
carchost,Carchost,0.613000,0.529500,fortress,"LOTR, Book V, Ch. 10",Reconciled: eastern Tower of the Teeth at Morannon
udun,Udûn,0.612371,0.540703,landmark,LOTR map,ArdaCraft: Udûn
gorgoroth,Gorgoroth,0.641369,0.600289,landmark,LOTR map,Arda Maps: Plateau of Gorgoroth
nurn,Nurn,0.638200,0.669338,landmark,LOTR map,Arda Maps: Nurn label
lithlad,Lithlad,0.666268,0.674357,landmark,LOTR map,Arda Maps: Lithlad label
dead_marshes,Dead Marshes,0.579978,0.508101,ruin,"LOTR, Book IV, Ch. 2",Arda Maps: Dead Marshes
dagorlad,Dagorlad,0.591800,0.524737,ruin,"LOTR, Book IV, Ch. 2",Arda Maps: Dagorlad
tolfalas,Tolfalas,0.518613,0.737963,landmark,LOTR map,Arda Maps: Tolfalas
edhellond,Edhellond,0.496599,0.648795,ruin,"Unfinished Tales, The History of Galadriel and Celeborn",Arda Maps: Edhellond
pinnath_gelin,Pinnath Gelin,0.448172,0.626472,landmark,"LOTR, Book V, Ch. 1",Arda Maps: Pinnath Gelin
lamedon,Lamedon,0.520414,0.600572,landmark,"LOTR, Book V, Ch. 1",Arda Maps: Lamedon
lossarnach,Lossarnach,0.574017,0.620550,landmark,"LOTR, Book V, Ch. 1",ArdaCraft: Imloth Melui in Lossarnach
harlond_gondor,Harlond of Gondor,0.583260,0.616086,port,"LOTR, Book V, Ch. 6",ArdaCraft: Harlond of Gondor
rammas_echor,Rammas Echor,0.587329,0.605204,ruin,"LOTR, Book V, Ch. 4",ArdaCraft: Rammas Echor
stonewain_valley,Stonewain Valley,0.561961,0.588974,landmark,"LOTR, Book V, Ch. 5",ArdaCraft: Stonewain Road
paths_of_dead,Paths of the Dead,0.502040,0.542636,ruin,"LOTR, Book V, Ch. 2",Arda Maps: Paths of the Dead
halifirien,Halifirien,0.542766,0.584533,landmark,"LOTR, Book V, Ch. 1",ArdaCraft: Halifirien
fords_of_isen,Fords of Isen,0.467651,0.492385,landmark,"LOTR, Book III, Ch. 7",ArdaCraft: Fords of Isen
firien_wood,Firien Wood,0.535048,0.572415,landmark,"LOTR, Appendix A",Arda Maps: Firienholt
gladden_fields,Gladden Fields,0.533019,0.277954,ruin,"LOTR, Book I, Ch. 2",Arda Maps: Gladden Fields
old_forest,The Old Forest,0.387750,0.240760,landmark,"LOTR, Book I, Ch. 6",Arda Maps: Old Forest
barrow_downs,Barrow-downs,0.391520,0.232470,ruin,"LOTR, Book I, Ch. 7",Arda Maps: Barrow-downs
sarn_ford,Sarn Ford,0.385815,0.282187,landmark,"LOTR, Book I, Ch. 2",ArdaCraft: Sarn Ford
brandywine_bridge,Brandywine Bridge,0.380827,0.228088,landmark,"LOTR, Book I, Ch. 4",Arda Maps: Brandywine Bridge
mountains_of_mirkwood,Mountains of Mirkwood,0.579943,0.196641,landmark,LOTR map,Arda Maps: Mountains of Mirkwood
withered_heath,Withered Heath,0.584872,0.094944,ruin,"The Hobbit, Ch. 1; LOTR map",Arda Maps: Withered Heath
grey_mountain_holds,Grey Mountain Ruins,0.519322,0.095153,ruin,"LOTR, Appendix A",Arda Maps: Grey Mountains
bywater,Bywater,0.367543,0.231587,village,"LOTR, Book I, Ch. 1",Arda Maps point_city: Bywater,yes
frogmorton,Frogmorton,0.373632,0.230540,village,"LOTR, Book I, Ch. 3",Arda Maps point_city: Frogmorton,yes
stock,Stock,0.381119,0.232073,village,"LOTR, Book I, Ch. 3",Arda Maps point_city: Stock,yes
haysend,Haysend,0.383199,0.240163,village,"LOTR, Book I, Ch. 5",Arda Maps point_city: Haysend,yes
framsburg,Framsburg,0.518620,0.122100,ruin,"LOTR, Appendix A",Arda Maps point_city: Framsburg,yes
eagles_eyrie,Eagles' Eyrie,0.521024,0.194180,landmark,"The Hobbit, Ch. 7",Arda Maps point_place: EaglesEyrie,yes
beorns_hall,Beorn's Hall,0.535763,0.198478,landmark,"The Hobbit, Ch. 7",Arda Maps point_place: BeornsHall,yes
redhorn_gate,Redhorn Gate,0.491913,0.321854,landmark,"LOTR, Book II, Ch. 3",Arda Maps point_place: RedhornGate,yes
cerin_amroth,Cerin Amroth,0.511442,0.354444,landmark,"LOTR, Book II, Ch. 6",Arda Maps point_place: CerinAmroth,yes
glittering_caves,Glittering Caves,0.463197,0.520115,landmark,"LOTR, Book III, Ch. 8",Arda Maps point_place: GlitteringCaves,yes
tarlangs_neck,Tarlang's Neck,0.506842,0.583359,landmark,"LOTR, Book V, Ch. 1",Arda Maps point_place: TarlangsNeck,yes
amon_din,Amon Dîn,0.584673,0.596170,landmark,"LOTR, Book V, Ch. 1",Arda Maps point_place: AmonDin,yes
eilenach,Eilenach,0.578076,0.596307,landmark,"LOTR, Book V, Ch. 1",Arda Maps point_place: Eilenach,yes
nardol,Nardol,0.569346,0.594953,landmark,"LOTR, Book V, Ch. 1",Arda Maps point_place: Nardol,yes
erelas,Erelas,0.561452,0.590360,landmark,"LOTR, Book V, Ch. 1",Arda Maps point_place: Erelas,yes
min_rimmon,Min-Rimmon,0.552826,0.587162,landmark,"LOTR, Book V, Ch. 1",Arda Maps point_place: MinRimmon,yes
calenhad,Calenhad,0.544686,0.582881,landmark,"LOTR, Book V, Ch. 1",Arda Maps point_place: Calenhad,yes
amon_anwar,Amon Anwar,0.535152,0.576326,landmark,"LOTR, Appendix A",Arda Maps point_place: AmonAnwar,yes
cirith_gorgor,Cirith Gorgor,0.602667,0.533643,landmark,"LOTR, Book IV, Ch. 3",Arda Maps point_place: CirithGorgor,yes
morgai,Morgai,0.606534,0.568553,landmark,"LOTR, Book IV, Ch. 8",Arda Maps point_place: Morgai,yes
caradhras,Caradhras,0.494549,0.312438,landmark,"LOTR, Book II, Ch. 3",Arda Maps point_mount: Caradhras,yes
celebdil,Celebdil,0.490224,0.326800,landmark,"LOTR, Book II, Ch. 3",Arda Maps point_mount: Celebdil,yes
fanuidhol,Fanuidhol,0.501807,0.315817,landmark,"LOTR, Book II, Ch. 3",Arda Maps point_mount: Fanuidhol,yes
mindolluin,Mindolluin,0.585423,0.607818,landmark,"LOTR, Book V, Ch. 1",Arda Maps point_mount: Mindolluin,yes
irensaga,Irensaga,0.502831,0.535253,landmark,"LOTR, Book V, Ch. 3",Arda Maps point_mount: Irensaga,yes
dwimorberg,Dwimorberg,0.500845,0.547265,landmark,"LOTR, Book V, Ch. 2",Arda Maps point_mount: Dwimorberg,yes
starkhorn,Starkhorn,0.497545,0.541502,landmark,"LOTR, Book V, Ch. 3",Arda Maps point_mount: Starkhorn,yes
ford_bruinen,Ford of Bruinen,0.487008,0.228963,landmark,"LOTR, Book I, Ch. 12",ArdaCraft: Ford of Bruinen,yes
hollin_ridge,Hollin Ridge,0.476614,0.284861,landmark,"LOTR, Book II, Ch. 3",ArdaCraft: Hollin Ridge,yes
lone_lands,Lone-lands,0.442329,0.222661,landmark,"LOTR, Book I, Ch. 11",ArdaCraft: Lone-lands,yes
redhorn_pass,Redhorn Pass,0.494646,0.319134,landmark,"LOTR, Book II, Ch. 3",ArdaCraft: Redhorn Pass,yes
egladil,Egladil,0.523269,0.366219,landmark,"LOTR, Book II, Ch. 6",ArdaCraft: Egladil,yes
east_wall_rohan,East Wall of Rohan,0.551416,0.516195,landmark,"Unfinished Tales, Cirion and Eorl",ArdaCraft: East Wall of Rohan,yes
old_ford,Old Ford,0.533349,0.209059,landmark,"LOTR, Book I, Ch. 2",ArdaCraft: Old Ford,yes
trollshaws,Trollshaws,0.462368,0.227164,landmark,"The Hobbit, Ch. 2",Arda Maps point_place: TomBertWilliam,yes
morgul_vale,Morgul Vale,0.599871,0.596929,landmark,"LOTR, Book IV, Ch. 8",Arda Maps point_place: MorgulVale,yes
thrihyrne,Thrihyrne,0.468165,0.507581,landmark,LOTR map,Arda Maps point_mount: Thrihyrne,yes
dol_baran,Dol Baran,0.466451,0.487359,landmark,LOTR map,Arda Maps point_mount: DolBaran,yes
ras_morthil,Ras Morthil,0.370767,0.664296,landmark,LOTR map,Arda Maps point_mount: RasMorthil,yes
ravenhill,Ravenhill,0.602239,0.151826,landmark,"The Hobbit, Ch. 14",Arda Maps point_mount: Ravenhill,yes
ethring,Ethring,0.532735,0.628708,landmark,"LOTR, Book V, Ch. 9",Arda Maps point_ford: Ethring,yes
white_towers,White Towers,0.320639,0.234862,landmark,"LOTR, Appendix A",Arda Maps point_castletower: WhiteTowers,yes
last_bridge,Last Bridge,0.458353,0.224332,landmark,"The Hobbit, Ch. 2",Arda Maps point_bridge: LastBridge,yes
